{"info":{"version":"50"},"scene":{"scene_width":5.440000057220459,"scene_height":4.052999973297119,"scene_depth":3.880000114440918,"view_offset":[1.6800000667572022,2.2130000591278078,10.0],"view_rotation":[-96.80000305175781,-180.00001525878907,0.800000011920929]},"cameras":[{"id":0,"range":5.0,"name":"cam0","serial":"","location":[-0.3410000205039978,-0.09800000488758087,0.5850000381469727],"orientation":[19.02400016784668,87.80500793457031,0.0]},{"id":-468805328,"range":5.0,"name":"cam1","serial":"","location":[3.317000150680542,-0.3410000205039978,-0.24400001764297486],"orientation":[0.0,-7.317000389099121,0.0]}]}
