{
   "info":{
      "version":"50"
   },
   "scene":{
      "scene_width":10.033000946044922,
      "scene_height":4.140000343322754,
      "scene_depth":6.740000247955322,
      "view_offset":[
         2.640000104904175,
         2.2130000591278078,
         10.0
      ],
      "view_rotation":[
         -56.80000305175781,
         -180.00001525878907,
         0.800000011920929
      ]
   },
   "cameras":[
      {
         "id":43,
         "range":5.0,
         "name":"cam0",
         "serial":"",
         "location":[
            -0.9760000705718994,
            -0.19500000774860383,
            4.78000020980835
         ],
         "orientation":[
            19.02400016784668,
            87.80500793457031,
            0.0
         ]
      },
      {
         "id":1868849522,
         "range":5.0,
         "name":"cam1",
         "serial":"",
         "location":[
            7.805000305175781,
            0.9760000705718994,
            -0.24400001764297486
         ],
         "orientation":[
            0.0,
            0.0,
            0.0
         ]
      }
   ]
}